﻿<?xml version="1.0" encoding="utf-8"?>
<List xmlns:ows="Microsoft SharePoint" Title="FeedbackTracker" FolderCreation="FALSE" Direction="$Resources:Direction;" Url="Lists/FeedbackTracker" BaseType="0" xmlns="http://schemas.microsoft.com/sharepoint/" EnableContentTypes="TRUE">
  <MetaData>
    <ContentTypes>
      <ContentType ID="0x0100873894BF8B1742BF8387D2542F2AB56E003AEF2C2D0C3040BB94B4898512093D59" Name="Suggestion" Group="Custom Content Types" Description="" Inherits="TRUE" Version="0">
        <FieldRefs>
          <FieldRef ID="{fa564e0f-0c70-4ab9-b863-0177e6ddd247}" DisplayName="$Resources:core,Title;" Required="TRUE" Name="Title" />
          <FieldRef ID="{82a06970-c54c-4ce5-a6ab-c72770094922}" DisplayName="Area" Required="TRUE" Name="Area" />
          <FieldRef ID="{82a06970-c54c-4ce5-a6ab-c72770094921}" DisplayName="Message" Required="TRUE" Name="Message" />
        </FieldRefs>
      </ContentType>
      <ContentType ID="0x0100873894BF8B1742BF8387D2542F2AB56E008FC66C6E02374C85A14483E0982C7DE5" Name="Issue report" Group="Custom Content Types" Description="My Content Type" Inherits="TRUE" Version="0">
        <FieldRefs>
          <FieldRef ID="{fa564e0f-0c70-4ab9-b863-0177e6ddd247}" DisplayName="$Resources:core,Title;" Required="TRUE" Name="Title" />
          <FieldRef ID="{82a06970-c54c-4ce5-a6ab-c72770094922}" DisplayName="Area" Required="TRUE" Name="Area" />
          <FieldRef ID="{82a06970-c54c-4ce5-a6ab-c72770094921}" DisplayName="Message" Required="TRUE" Name="Message" />
          <FieldRef ID="{82a06970-c54c-4ce5-a6ab-c72770094920}" DisplayName="Error ID" Required="FALSE" Name="ErrorID" />
        </FieldRefs>
      </ContentType>
    </ContentTypes>
    <Fields>

      <Field ID="{fa564e0f-0c70-4ab9-b863-0177e6ddd247}" Type="Text" Name="Title" DisplayName="$Resources:core,Title;" Required="TRUE" SourceID="http://schemas.microsoft.com/sharepoint/v3" StaticName="Title" MaxLength="255" />
      <Field ID="{82a06970-c54c-4ce5-a6ab-c72770094922}" Name="Area" DisplayName="Area" Type="Lookup" Required="FALSE" List="Lists/Areas" Group="Feedback Site Columns"></Field>
      <Field ID="{82a06970-c54c-4ce5-a6ab-c72770094921}" Name="Message" DisplayName="Message" Type="Note" Required="FALSE" RichText="TRUE" Group="Feedback Site Columns"></Field>
      <Field ID="{82a06970-c54c-4ce5-a6ab-c72770094920}" Name="ErrorID" DisplayName="Error ID" Type="Text" Required="FALSE" Group="Feedback Site Columns"></Field>
    </Fields>
    <Views>


      <View BaseViewID="0" Type="HTML" MobileView="TRUE" TabularView="FALSE">
        <Toolbar Type="Standard" />
        <XslLink Default="TRUE">main.xsl</XslLink>
        <RowLimit Paged="TRUE">30</RowLimit>
        <ViewFields>

          <FieldRef Name="LinkTitleNoMenu"></FieldRef>
        </ViewFields>
        <Query>
          <OrderBy>

            <FieldRef Name="Modified" Ascending="FALSE"></FieldRef>
          </OrderBy>
        </Query>
        <ParameterBindings>
          <ParameterBinding Name="AddNewAnnouncement" Location="Resource(wss,addnewitem)" />
          <ParameterBinding Name="NoAnnouncements" Location="Resource(wss,noXinviewofY_LIST)" />
          <ParameterBinding Name="NoAnnouncementsHowTo" Location="Resource(wss,noXinviewofY_ONET_HOME)" />
        </ParameterBindings>
      </View>
      <View BaseViewID="1" Type="HTML" WebPartZoneID="Main" DisplayName="$Resources:core,objectiv_schema_mwsidcamlidC24;" DefaultView="TRUE" MobileView="TRUE" MobileDefaultView="TRUE" SetupPath="pages\viewpage.aspx" ImageUrl="/_layouts/15/images/generic.png?rev=23" Url="AllItems.aspx">
        <Toolbar Type="Standard" />
        <XslLink Default="TRUE">main.xsl</XslLink>
        <JSLink>clienttemplates.js</JSLink>
        <RowLimit Paged="TRUE">30</RowLimit>
        <ViewFields>

          <FieldRef Name="LinkTitle"></FieldRef>
          <FieldRef Name="Area" />
          <FieldRef Name="Message" />
          <FieldRef Name="ContentType" />
        </ViewFields>
        <Query>
          <OrderBy>

            <FieldRef Name="ID"></FieldRef>
          </OrderBy>
        </Query>
        <ParameterBindings>
          <ParameterBinding Name="NoAnnouncements" Location="Resource(wss,noXinviewofY_LIST)" />
          <ParameterBinding Name="NoAnnouncementsHowTo" Location="Resource(wss,noXinviewofY_DEFAULT)" />
        </ParameterBindings>
      </View>
    </Views>
    <Forms>
      <Form Type="DisplayForm" Url="DispForm.aspx" SetupPath="pages\form.aspx" WebPartZoneID="Main" />
      <Form Type="EditForm" Url="EditForm.aspx" SetupPath="pages\form.aspx" WebPartZoneID="Main" />
      <Form Type="NewForm" Url="NewForm.aspx" SetupPath="pages\form.aspx" WebPartZoneID="Main" />
    </Forms>
  </MetaData>
</List>
